{"cameraMode":{"drawMode":0,"name":"Shaded","section":"Shading Mode"},"sceneLighting":true,"audioPlay":false,"sceneViewState":{"showFog":true,"showMaterialUpdate":false,"showSkybox":true,"showFlares":true,"showImageEffects":true,"showParticleSystems":true,"showVisualEffectGraphs":true,"m_FxEnabled":true},"in2DMode":false,"pivot":{"x":-20.03510093688965,"y":4.162060737609863,"z":4.959871768951416},"rotation":{"x":0.019792528823018075,"y":0.038977012038230899,"z":-0.0007733780075795949,"w":0.9990310072898865},"size":11.034361839294434,"orthographic":false}