{"cameraMode":{"drawMode":0,"name":"Shaded","section":"Shading Mode"},"sceneLighting":true,"audioPlay":false,"sceneViewState":{"showFog":true,"showMaterialUpdate":false,"showSkybox":true,"showFlares":true,"showImageEffects":true,"showParticleSystems":true,"showVisualEffectGraphs":true,"m_FxEnabled":true},"in2DMode":false,"pivot":{"x":-18.94597053527832,"y":7.836331367492676,"z":6.921991348266602},"rotation":{"x":-0.026687297970056535,"y":-0.0015043861931189895,"z":-0.0000414037931477651,"w":0.9996308088302612},"size":15.345946311950684,"orthographic":false}